Time,Voltage,Current,Power
1620,0.0,-0.09146341463414634,0.0
1621,0.0,-0.09146341463414634,0.0
1621,0.0,-0.09146341463414634,0.0
1621,0.0,-0.09146341463414634,0.0
1621,0.0,0.0,0.0
1621,0.0,-0.09146341463414634,0.0
