Time,Voltage,Current,Power
1411,0.016,0.0,0.0
1411,0.02,0.0,0.0
1411,0.016,0.0,0.0
1411,0.532,0.6036585365853658,0.7317073170731707
1411,0.644,0.896341463414634,0.7317073170731707
1411,0.572,0.8048780487804877,0.7317073170731707
1411,0.492,0.6951219512195121,0.7317073170731707
1411,0.44,0.6036585365853658,0.7317073170731707
1411,0.4,0.49390243902439024,0.0
1411,0.02,0.0,0.0
1411,0.02,0.0,0.0
1411,0.02,0.0,0.0
1411,0.016,0.0,0.0
