Time,Voltage,Current,Power
1837,0.0,-0.09146341463414634,0.0
1838,0.0,-0.09146341463414634,0.0
1839,0.0,-0.09146341463414634,0.0
